NAME,ADDRESS1,ADDRESS2,CITY,STATE,ZIP
,907 35th Ave,,Forest Grove,OR,97116
,913 35th Ave,,Forest Grove,OR,97116
,919 35th Ave,,Forest Grove,OR,97116
,925 35th Ave,,Forest Grove,OR,97116
,931 35th Ave,,Forest Grove,OR,97116
,936 35th Ave,,Forest Grove,OR,97116
,937 35th Ave,,Forest Grove,OR,97116
,942 35th Ave,,Forest Grove,OR,97116
,943 35th Ave,,Forest Grove,OR,97116
,948 35th Ave,,Forest Grove,OR,97116
,949 35th Ave,,Forest Grove,OR,97116
,954 35th Ave,,Forest Grove,OR,97116
,955 35th Ave,,Forest Grove,OR,97116
,1011 35th Ave,,Forest Grove,OR,97116
,1018 35th Ave,,Forest Grove,OR,97116
,1019 35th Ave,,Forest Grove,OR,97116
,1026 35th Ave,,Forest Grove,OR,97116
,1027 35th Ave,,Forest Grove,OR,97116
,1034 35th Ave,,Forest Grove,OR,97116
,1035 35th Ave,,Forest Grove,OR,97116
,1042 35th Ave,,Forest Grove,OR,97116
,1043 35th Ave,,Forest Grove,OR,97116
,1050 35th Ave,,Forest Grove,OR,97116
,1051 35th Ave,,Forest Grove,OR,97116
,1058 35th Ave,,Forest Grove,OR,97116
,1132 35th Ave,,Forest Grove,OR,97116
,1140 35th Ave,,Forest Grove,OR,97116
,1148 35th Ave,,Forest Grove,OR,97116
,1012 34th Pl,,Forest Grove,OR,97116
,1013 34th Pl,,Forest Grove,OR,97116
,1018 34th Pl,,Forest Grove,OR,97116
,1019 34th Pl,,Forest Grove,OR,97116
,1021 34th Pl,,Forest Grove,OR,97116
,1025 34th Pl,,Forest Grove,OR,97116
,1029 34th Pl,,Forest Grove,OR,97116
,1033 34th Pl,,Forest Grove,OR,97116
,1121 34th Pl,,Forest Grove,OR,97116
,1129 34th Pl,,Forest Grove,OR,97116
,1136 34th Pl,,Forest Grove,OR,97116
,1137 34th Pl,,Forest Grove,OR,97116
,1144 34th Pl,,Forest Grove,OR,97116
,1145 34th Pl,,Forest Grove,OR,97116
,1153 34th Pl,,Forest Grove,OR,97116
,1161 34th Pl,,Forest Grove,OR,97116
,1203 34th Pl,,Forest Grove,OR,97116
,1218 34th Pl,,Forest Grove,OR,97116
,1219 34th Pl,,Forest Grove,OR,97116
,1226 34th Pl,,Forest Grove,OR,97116
,1227 34th Pl,,Forest Grove,OR,97116
,1234 34th Pl,,Forest Grove,OR,97116
,1242 34th Pl,,Forest Grove,OR,97116
,1243 34th Pl,,Forest Grove,OR,97116
,1250 34th Pl,,Forest Grove,OR,97116
,1256 34th Pl,,Forest Grove,OR,97116
,1257 34th Pl,,Forest Grove,OR,97116
,1259 34th Pl,,Forest Grove,OR,97116
,1260 34th Pl,,Forest Grove,OR,97116
,1262 34th Pl,,Forest Grove,OR,97116
,1263 34th Pl,,Forest Grove,OR,97116
,1267 34th Pl,,Forest Grove,OR,97116
,1328 34th Pl,,Forest Grove,OR,97116
,1329 34th Pl,,Forest Grove,OR,97116
,1331 34th Pl,,Forest Grove,OR,97116
,1334 34th Pl,,Forest Grove,OR,97116
,1335 34th Pl,,Forest Grove,OR,97116
,1337 34th Pl,,Forest Grove,OR,97116
,1340 34th Pl,,Forest Grove,OR,97116
,1341 34th Pl,,Forest Grove,OR,97116
,1345 34th Pl,,Forest Grove,OR,97116
,1346 34th Pl,,Forest Grove,OR,97116
,1347 34th Pl,,Forest Grove,OR,97116
,1353 34th Pl,,Forest Grove,OR,97116
,939 Hartford Dr,,Forest Grove,OR,97116
,942 Hartford Dr,,Forest Grove,OR,97116
,950 Hartford Dr,,Forest Grove,OR,97116
,1000 Hartford Dr,,Forest Grove,OR,97116
,1008 Hartford Dr,,Forest Grove,OR,97116
,1016 Hartford Dr,,Forest Grove,OR,97116
,1021 Hartford Dr,,Forest Grove,OR,97116
,1024 Hartford Dr,,Forest Grove,OR,97116
,1029 Hartford Dr,,Forest Grove,OR,97116
,1032 Hartford Dr,,Forest Grove,OR,97116
,1037 Hartford Dr,,Forest Grove,OR,97116
,1048 Hartford Dr,,Forest Grove,OR,97116
,1110 Hartford Dr,,Forest Grove,OR,97116
,1118 Hartford Dr,,Forest Grove,OR,97116
,1126 Hartford Dr,,Forest Grove,OR,97116
,1134 Hartford Dr,,Forest Grove,OR,97116
,1142 Hartford Dr,,Forest Grove,OR,97116
,1150 Hartford Dr,,Forest Grove,OR,97116
,1158 Hartford Dr,,Forest Grove,OR,97116
,3320 Oakcrest Dr,,Forest Grove,OR,97116
,3325 Oakcrest Dr,,Forest Grove,OR,97116
,3326 Oakcrest Dr,,Forest Grove,OR,97116
,3331 Oakcrest Dr,,Forest Grove,OR,97116
,3332 Oakcrest Dr,,Forest Grove,OR,97116
,3337 Oakcrest Dr,,Forest Grove,OR,97116
,3338 Oakcrest Dr,,Forest Grove,OR,97116
,3343 Oakcrest Dr,,Forest Grove,OR,97116
,3344 Oakcrest Dr,,Forest Grove,OR,97116
,3349 Oakcrest Dr,,Forest Grove,OR,97116
,3350 Oakcrest Dr,,Forest Grove,OR,97116
,3355 Oakcrest Dr,,Forest Grove,OR,97116
,3356 Oakcrest Dr,,Forest Grove,OR,97116
,3361 Oakcrest Dr,,Forest Grove,OR,97116
,3362 Oakcrest Dr,,Forest Grove,OR,97116
,3365 Oakcrest Dr,,Forest Grove,OR,97116
,3373 Oakcrest Dr,,Forest Grove,OR,97116
,3385 Oakcrest Dr,,Forest Grove,OR,97116
,3430 Oakcrest Dr,,Forest Grove,OR,97116
,3435 Oakcrest Dr,,Forest Grove,OR,97116
,3436 Oakcrest Dr,,Forest Grove,OR,97116
,3443 Oakcrest Dr,,Forest Grove,OR,97116
,3444 Oakcrest Dr,,Forest Grove,OR,97116
,3450 Oakcrest Dr,,Forest Grove,OR,97116
,3451 Oakcrest Dr,,Forest Grove,OR,97116
,3452 Oakcrest Dr,,Forest Grove,OR,97116
,3459 Oakcrest Dr,,Forest Grove,OR,97116
,3467 Oakcrest Dr,,Forest Grove,OR,97116
,3468 Oakcrest Dr,,Forest Grove,OR,97116
,3475 Oakcrest Dr,,Forest Grove,OR,97116
,3476 Oakcrest Dr,,Forest Grove,OR,97116
,3484 Oakcrest Dr,,Forest Grove,OR,97116
,3492 Oakcrest Dr,,Forest Grove,OR,97116
,3402 Singletree St,,Forest Grove,OR,97116
,3403 Singletree St,,Forest Grove,OR,97116
,3409 Singletree St,,Forest Grove,OR,97116
,3410 Singletree St,,Forest Grove,OR,97116
,3414 Singletree St,,Forest Grove,OR,97116
,3417 Singletree St,,Forest Grove,OR,97116
,3418 Singletree St,,Forest Grove,OR,97116
,3422 Singletree St,,Forest Grove,OR,97116
,3425 Singletree St,,Forest Grove,OR,97116
,3426 Singletree St,,Forest Grove,OR,97116
,3405 Doubletree St,,Forest Grove,OR,97116
,3411 Doubletree St,,Forest Grove,OR,97116
,3416 Doubletree St,,Forest Grove,OR,97116
,3417 Doubletree St,,Forest Grove,OR,97116
,3420 Doubletree St,,Forest Grove,OR,97116
,3423 Doubletree St,,Forest Grove,OR,97116
,3426 Doubletree St,,Forest Grove,OR,97116
,3434 Doubletree St,,Forest Grove,OR,97116
,3450 Doubletree St,,Forest Grove,OR,97116
,3541 Doubletree St,,Forest Grove,OR,97116
,1103 Larrabee St,,Forest Grove,OR,97116
,1109 Larrabee St,,Forest Grove,OR,97116
,1115 Larrabee St,,Forest Grove,OR,97116
,1121 Larrabee St,,Forest Grove,OR,97116
,1127 Larrabee St,,Forest Grove,OR,97116
,1133 Larrabee St,,Forest Grove,OR,97116
,1137 Larrabee St,,Forest Grove,OR,97116
,1139 Larrabee St,,Forest Grove,OR,97116
,1145 Larrabee St,,Forest Grove,OR,97116
,3404 Larrabee St,,Forest Grove,OR,97116
,3411 Larrabee St,,Forest Grove,OR,97116
,3416 Larrabee St,,Forest Grove,OR,97116
,3417 Larrabee St,,Forest Grove,OR,97116
,3420 Larrabee St,,Forest Grove,OR,97116
,3423 Larrabee St,,Forest Grove,OR,97116
,3426 Larrabee St,,Forest Grove,OR,97116
,1044 33rd Pl,,Forest Grove,OR,97116
,1049 33rd Pl,,Forest Grove,OR,97116
,1050 33rd Pl,,Forest Grove,OR,97116
,1055 33rd Pl,,Forest Grove,OR,97116
,1056 33rd Pl,,Forest Grove,OR,97116
,1061 33rd Pl,,Forest Grove,OR,97116
,1062 33rd Pl,,Forest Grove,OR,97116
,1067 33rd Pl,,Forest Grove,OR,97116
,1068 33rd Pl,,Forest Grove,OR,97116
,1073 33rd Pl,,Forest Grove,OR,97116
,1080 33rd Pl,,Forest Grove,OR,97116
,1086 33rd Pl,,Forest Grove,OR,97116
,1092 33rd Pl,,Forest Grove,OR,97116
,1102 33rd Pl,,Forest Grove,OR,97116
,1108 33rd Pl,,Forest Grove,OR,97116
,1114 33rd Pl,,Forest Grove,OR,97116
